{
  "trading_pair": "XRPGBP",
  "grid_levels": 5,
  "grid_spacing": 0.01,
  "expected_return": -0.08706580783238678,
  "total_trades": 18,
  "generated_at": "2025-09-30T16:08:14.481566630Z"
}